DESCRIPCION;UNIDAD;EQUIVALENTE SUNAT;PRECIO DE VENTA SOLES;COSTO INICIAL SOLES;MARCA;CONTROL DE STOCK FLEXIBLE;TIPO AFECTACION IGV;STOCK
SAAR001;UNIDAD;;12;1;CEMENTO YURA;SI;;
SAAR002;UNIDAD;;13;2;CEMENTO MISHKY;;;
SAAR003;UNIDAD;;14;3;FIERRO DE 1/4;SI;;20
SAAR004;UNIDAD;;15;4;FIERRO DE 1/2;SI;;0
SAAR005;UNIDAD;;16;5;FIERRO DE 3/8;SI;;1
SAAR006;UNIDAD;;17;6;FIERRO DE 5/8;SI;;1
SAAR007;UNIDAD;;18;7;ALAMBRE NUMERO 8;SI;;100
SAAR008;UNIDAD;;19;8;ALAMBRE NUMERO 16;SI;;108
SAAR009;UNIDAD;;20;9;ALAMBRE  GALBANIZADO;SI;;31
SAAR010;UNIDAD;;21;10;"TUBOS DE DESAGUE DE 2""";SI;;9
SAAR011;UNIDAD;;22;11;"TUBOS DE DESAGUE DE 3""";SI;;5
SAAR012;UNIDAD;;23;12;"TUBOS DE DESAGUE DE 4""";SI;;6
SAAR013;UNIDAD;;24;13;TUBOS DE AGUA FRIA 1/2;SI;;10
SAAR014;UNIDAD;;25;14;TUBOS DE AGUA FRIA 3/4;SI;;3
SAAR015;UNIDAD;;26;15;"TUBOS DE AGUA FRIA DE 1""";SI;;5
SAAR016;UNIDAD;;27;16;TUBOS DE AGUA CALIENTE DE 1/2;SI;;4
SAAR017;UNIDAD;;28;17;TUBOS DE AGUA CALIENTE DE 3/4;SI;;3
SAAR018;UNIDAD;;29;18;TUBOS DE LUZ DE 3/4;SI;;41
SAAR019;UNIDAD;;30;19;"TUBOS DE LUZ DE 1""";SI;;28
SAAR020;UNIDAD;;31;20;CODOS DE 1/2 TIGRE ;SI;;51
SAAR021;UNIDAD;;32;21;CODOS DE 1/2 X 45 TIGRE;SI;;18
SAAR022;UNIDAD;;33;22;CODOS CON INSERTO DE 1/2 ;SI;;12
SAAR023;UNIDAD;;34;23;TE CON INSERTO DE 1/2;SI;;8
SAAR024;UNIDAD;;35;24;UNION CON INSERTO ;SI;;3
SAAR025;UNIDAD;;36;25;TEE DE 1/2 TIGRE;SI;;27
SAAR026;UNIDAD;;37;26;UNION DE 1/2 TIGRE;SI;;58
SAAR027;UNIDAD;;38;27;UNION UNIVERSAL DE 1/2 TIGRE;SI;;26
SAAR028;UNIDAD;;39;28;TAPON MACHO 1/2;SI;;55
SAAR029;UNIDAD;;40;29;TAPON HEMBRA DE 1/2;SI;;47
SAAR030;UNIDAD;;41;30;BUGUEE 1/2;SI;;28
SAAR031;UNIDAD;;42;31;BUGUEE DE 1/2 X 3/4 ;SI;;35
SAAR032;UNIDAD;;43;32;REDUCCION CAMPANA DE 1/2 A 3/4;SI;;32
SAAR033;UNIDAD;;44;33;"REDUCCION CAMPANA DE 1 "" A 1/2";SI;;20
SAAR034;UNIDAD;;45;34;"REDUCCION CAMPANA DE 1 "" A 3/4";SI;;5
SAAR035;UNIDAD;;46;35;CODO DE 1/2 PVC PLOMO;SI;;54
SAAR036;UNIDAD;;47;36;CODO DE 1/2 PVC MIXTO;SI;;11
SAAR037;UNIDAD;;48;37;CODO DE 1/2 PVC SIN HILO;SI;;26
SAAR038;UNIDAD;;49;38;CODO DE 1/2 PVC NORMAL;SI;;18
SAAR039;UNIDAD;;50;39;CODO DE 1/2 X 45  PVC SIN HILO;SI;;25
SAAR040;UNIDAD;;51;40;TEE DE 1/2 PVC ;SI;;3
SAAR041;UNIDAD;;52;41;UNION DE 1/2 MIXTA PVC;SI;;2
SAAR042;UNIDAD;;53;42;UNON DE 1/2 PVC;SI;;23
SAAR043;UNIDAD;;54;43;ADAPTADOR UPR  DE 1/2 ;SI;;11
SAAR044;UNIDAD;;55;44;UPR DE 1/2 ;SI;;0
SAAR045;UNIDAD;;56;45;ADAPTARO UPR DE 3/4;SI;;4
SAAR046;UNIDAD;;57;46;"ADAPTADOR UPR DE 1""";SI;;9
SAAR047;UNIDAD;;58;47;NIPLE DE 1/2 X 3;;;58
SAAR048;UNIDAD;;59;48;NIPLE DE 1/2 X 2 1/2;;;53
SAAR049;UNIDAD;;60;49;NIPLE DE 1/2 X 2 ;;;38
SAAR050;UNIDAD;;61;50;NIPLE DE 1/2 X 1 1/2 ;;;52
SAAR051;UNIDAD;;62;51;NIPLE 0 ;;;90
SAAR052;UNIDAD;;63;52;"NIPLE DE 1 1/2 X 4 """;;;5
SAAR053;UNIDAD;;64;53;UNION UNIVERSAL DE 3/4 TIGRE ;;;21
SAAR054;UNIDAD;;65;54;CODO DE 3/4 TIGRE ;;;58
SAAR055;UNIDAD;;66;55;TEE 3/4;;;16
SAAR056;UNIDAD;;67;56;TAPON DE 3/4 PVC;;;12
SAAR057;UNIDAD;;68;57;TAPON MACHO 3/4;;;54
SAAR058;UNIDAD;;69;58;UNION 3/4 TIGRE ;;;12
SAAR059;UNIDAD;;70;59;"REDUCCION DE 1 "" A 3/4 ";;;5
SAAR060;UNIDAD;;71;60;"TEE DE 1""";;;2
SAAR061;UNIDAD;;72;61;"TAPON HEMBRA DE 1""";;;6
SAAR062;UNIDAD;;73;62;"TAPON MACHO DE 1""";;;2
SAAR063;UNIDAD;;74;63;REDUCCION DE 1/2 A 3/4 ;;;35
SAAR064;UNIDAD;;75;64;"UNION DE 1 """;;;20
SAAR065;UNIDAD;;76;65;"UNION UNIVERSAL DE 1 """;;;15
SAAR066;UNIDAD;;77;66;"REDUCCION DE 1 "" 1/2 ";;;20
SAAR067;UNIDAD;;78;67;"CODO DE 1"" X 90 ";;;15
SAAR068;UNIDAD;;79;68;"NIPLE DE 1"" X 2 ";;;23
SAAR069;UNIDAD;;80;69;NIPLE DE 3/4 X 1/2;;;24
SAAR070;UNIDAD;;81;70;"NIPLE DE 1"" A 1/2";;;24
SAAR071;UNIDAD;;82;71;NIPLE DE 3/4 X 4;;;14
SAAR072;UNIDAD;;83;72;NIPLE DE 3/4 X 2 1/2;;;17
SAAR073;UNIDAD;;84;73;NIPLE DE 3/4 X 3;;;4
SAAR074;UNIDAD;;85;74;"TAPON DE 2""";;;10
SAAR075;UNIDAD;;86;75;"TAPON DE 3 """;;;14
SAAR076;UNIDAD;;87;76;"TAPON DE 4""";;;1
SAAR077;UNIDAD;;88;77;CODO SIN HILO 3/4 PVC;;;7
SAAR078;UNIDAD;;89;78;TEE SIN HILO 3/4 PVC;;;13
SAAR079;UNIDAD;;90;79;UNION SIN HILO 3/4 PVC;;;12
SAAR080;UNIDAD;;91;80;VALVULA PVC DE 1/2;SI;;
SAAR081;UNIDAD;;92;81;VALVULA PVC DE 3/4;SI;;
SAAR082;UNIDAD;;93;82;VALVULA PVC PLASTISUR 3/4;SI;;
SAAR083;UNIDAD;;94;83;VALVULA PVC PLASTISUR 1/2;SI;;
SAAR084;UNIDAD;;95;84;VALVULA PVC TOSISAC DE 1/2;SI;;
SAAR085;UNIDAD;;96;85;VALVULA PVC METUSA DE 1/2;SI;;
SAAR086;UNIDAD;;97;86;LLAVE LABATORIO NACIONAL ;SI;;
SAAR087;UNIDAD;;98;87;BRAZO DE DUCHA NACIONAL;SI;;
SAAR088;UNIDAD;;99;88;LLAVE JARDIN LABATORIO ;SI;;
SAAR089;UNIDAD;;100;89;VALVULA DE 1/2 DE PASO MARIPOSA;SI;;
SAAR090;UNIDAD;;101;90;VALVULA CHECK DE 1/2;SI;;
SAAR091;UNIDAD;;102;91;VALVULA CHECK DE 3/4;SI;;
SAAR092;UNIDAD;;103;92;CINTA TEFFLON 1/2;SI;;
SAAR093;UNIDAD;;104;93;CINTA TEFFLON 3/4;SI;;
SAAR094;UNIDAD;;105;94;CINTA TEFFLON PARA GAS 1/2 AMARILLA;SI;;
SAAR095;UNIDAD;;106;95;CAÑO JARDIN DE 1/2;SI;;
SAAR096;UNIDAD;;107;96;DISCOS DE CORTE 4 X 1/2 DE METAL ;SI;;
SAAR097;UNIDAD;;108;97;DISCOS DE  CORTE 7 X 1/2 DE METAL ;SI;;
SAAR098;UNIDAD;;109;98;CURVAS DE LUZ 3/4;SI;;
SAAR099;UNIDAD;;110;99;"CURVAS DE LUZ 1""";SI;;
SAAR100;UNIDAD;;111;100;"CURVAS DE LUZ DE  1"" A 1/4";SI;;
SAAR101;UNIDAD;;112;101;"CURVAS DE LUZ 1"" 1/2";SI;;
SAAR102;UNIDAD;;113;102;CONECTOR DE 3/4;SI;;
SAAR103;UNIDAD;;114;103;CABLE INDECO NUMERO 14;SI;;
SAAR104;UNIDAD;;115;104;CABLE INDECO NUMERO 12;SI;;
SAAR105;UNIDAD;;116;105;CABLE MELLIZO NUMERO 16;SI;;
SAAR106;UNIDAD;;117;106;CABLE MELLIZO NUMERO  12;SI;;
SAAR107;UNIDAD;;118;107;CABLE INDECO NUMERO 14;SI;;
SAAR108;UNIDAD;;119;108;CABLE INDECO NUMERO 12;SI;;
SAAR109;UNIDAD;;120;109;CABLE MELLIZO NUMERO 16;SI;;
SAAR110;UNIDAD;;121;110;CABLE MELLIZO NUMERO  12;SI;;
SAAR111;UNIDAD;;122;111;TABLERO DE 1 POLO;;;2
SAAR112;UNIDAD;;123;112;TABLEROS DE LUZ DE 6 POLOS;SI;;2
SAAR113;UNIDAD;;124;113;TABLERO DE LUZ DE 8 POLOS  ;SI;;3
SAAR114;UNIDAD;;125;114;TABLERO DE LUZ DE 12 POLOS ;SI;;1
SAAR115;UNIDAD;;126;115;LLAVE TERMOMAGNETICO 32 POLOS;SI;;
SAAR116;UNIDAD;;127;116;LLAVE TERMOMAGNETICO 25 POLOS;SI;;
SAAR117;UNIDAD;;128;117;LLAVE TERMOMAGNETICO 40 POLOS;SI;;
SAAR118;UNIDAD;;129;118;LLAVE TERMOMAGNETICO 16 POLOS;SI;;
SAAR119;UNIDAD;;130;119;LLAVE TERMOMAGNETICO 63 POLOS;SI;;
SAAR120;UNIDAD;;131;120;LLAVE TERMOMAGNETICO 20 POLOS;SI;;
SAAR121;UNIDAD;;132;121;FOCOS 18 W;;;5
SAAR122;UNIDAD;;133;122;FOCOS  20W;SI;;8
SAAR123;UNIDAD;;134;123;FOCOS 26 W;;;2
SAAR124;UNIDAD;;135;124;FOCOS  30W;SI;;16
SAAR125;UNIDAD;;136;125;FOCOS 10 W ;;;8
SAAR126;UNIDAD;;137;126;FOCOS  9W AMARILLOS;SI;;4
SAAR127;UNIDAD;;138;127;FOCOS  40W;SI;;2
SAAR128;UNIDAD;;139;128;FOCOS 50W LED BULB;SI;;3
SAAR129;UNIDAD;;140;129;FOCOS 50W PHELIX;SI;;1
SAAR130;UNIDAD;;141;130;FOCOS 200W CLARA;SI;;5
SAAR131;UNIDAD;;142;131;FOCOS  60W CLARA PARA POLLITOS;SI;;3
SAAR132;UNIDAD;;143;132;FOCOS  5W;SI;;13
SAAR133;UNIDAD;;144;133;FOCOS 7W CUBULL;;;7
SAAR134;UNIDAD;;145;134;FOCOS CON SENSOR MEDIANO ;;;
SAAR135;UNIDAD;;146;135;FOCOS 7W  CON SENSOR PEQUEÑO ;SI;;1
SAAR136;UNIDAD;;147;136;FOCOS MATA MOSQUITOS 40W;;;1
SAAR137;UNIDAD;;148;137;FOCOS DE COLORES ;SI;;6
SAAR138;UNIDAD;;149;138;CAJA MODULAR ;;;16
SAAR139;UNIDAD;;150;139;CAJA DE PASO 10 X 10;;;2
SAAR140;UNIDAD;;151;140;CAJA DE PASO 20 X 20 ;;;1
SAAR141;UNIDAD;;152;141;CAJA DE PASO DE 20 X 25;;;1
SAAR142;UNIDAD;;153;142;BASE DRICOICO;SI;;
SAAR143;UNIDAD;;154;143;TOMA CORRIENTE DOBLE ABATRON;SI;;
SAAR144;UNIDAD;;155;144;TOMA CORRIENTE DOBLE CUBULL;SI;;
SAAR145;UNIDAD;;156;145;TOMA CORRIENTE DOBLE BTICINO ;SI;;
SAAR146;UNIDAD;;157;146;TOMA SIMPLE ABATRON;SI;;
SAAR147;UNIDAD;;158;147;TOMA SIMPLE CUBULL;SI;;
SAAR148;UNIDAD;;159;148;TOMA SIMPLE BTICINO;SI;;
SAAR149;UNIDAD;;160;149;INTERRUPTOR SIMPLE ABATRON;SI;;
SAAR150;UNIDAD;;161;150;INTERRUPTOR SIMPLE CUBULL;SI;;
SAAR151;UNIDAD;;162;151;INTERRUPTOR SIMPLE BTICINO;SI;;
SAAR152;UNIDAD;;163;152;INTERRUPTOR DOBLE ABATRON;SI;;
SAAR153;UNIDAD;;164;153;INTERRUPTOR DOBLE CUBULL;SI;;
SAAR154;UNIDAD;;165;154;INTERRUPTOR DOBLE BTICINO;SI;;
SAAR155;UNIDAD;;166;155;TOMA Y INTERRUPTOR MIXTO ABATRON;SI;;
SAAR156;UNIDAD;;167;156;TOMA Y INTERRUPTOR MIXTO CUBULL;SI;;
SAAR157;UNIDAD;;168;157;TOMA Y INTERRUPTOR MIXTO BTICINO;SI;;
SAAR158;UNIDAD;;169;158;CONMUTACION SIMPLE ABATRON;SI;;
SAAR159;UNIDAD;;170;159;CONMUTACION SIMPLE CUBULL ;SI;;
SAAR160;UNIDAD;;171;160;CONMUTACION SIMPLE BTICINO;SI;;
SAAR161;UNIDAD;;172;161;CONMUTACION DOBLE ABATRON ;SI;;
SAAR162;UNIDAD;;173;162;CONMUTACION DOBLE CUBULL;SI;;
SAAR163;UNIDAD;;174;163;CONMUTACION DOBLE BTICINO;SI;;
SAAR164;UNIDAD;;175;164;COAXIAL TV ABATRON ;SI;;
SAAR165;UNIDAD;;176;165;COAXIAL TV CUBULL ;SI;;
SAAR166;UNIDAD;;177;166;TOMA CORRIENTE Y CARGADOR DE CELULAR MIXTO CUBULL;SI;;
SAAR167;UNIDAD;;178;167;CAJA RECTANGULAR PLASTISUR RESISTENTE;SI;;
SAAR168;UNIDAD;;179;168;CAJA RECTANGULAR ;SI;;
SAAR169;UNIDAD;;180;169;CAJA OCTAGONAL ;SI;;
SAAR170;UNIDAD;;181;170;CINTA AISLANTE GRANDE 3M;SI;;
SAAR171;UNIDAD;;182;171;CINTA AISLANTE PEQUEÑA CUBULL;SI;;
SAAR172;UNIDAD;;183;172;CINTA AISLANTE PEQUEÑA 3M;SI;;
SAAR173;UNIDAD;;184;173;CINTA AISLANTE PEQUEÑA AMARILLA;SI;;
SAAR174;UNIDAD;;185;174;CINTA AISLANTE PEQUEÑA VERDE;SI;;
SAAR175;UNIDAD;;186;175;CINTA AISLANTE PEQUEÑA BLANCA;SI;;
SAAR176;UNIDAD;;187;176;CINTA AISLANTE PEQUEÑA ROJA;SI;;
SAAR177;UNIDAD;;188;177;CINTA AISLANTE PEQUEÑA AZUL;SI;;
SAAR178;UNIDAD;;189;178;CODO DE  2X90;SI;;
SAAR179;UNIDAD;;190;179;CODO DE  2X45;SI;;
SAAR180;UNIDAD;;191;180;CODO DE 3X90;SI;;
SAAR181;UNIDAD;;192;181;CODO DE 3X45;SI;;
SAAR182;UNIDAD;;193;182;CODO DE 4X90;SI;;
SAAR183;UNIDAD;;194;183;CODO DE 4X45;SI;;
SAAR184;UNIDAD;;195;184;CODO DE 4X2;SI;;
SAAR185;UNIDAD;;196;185;TEE SANITARIA DE 4X4;SI;;
SAAR186;UNIDAD;;197;186;TEE 2X2;SI;;
SAAR187;UNIDAD;;198;187;TEE 4X2;SI;;
SAAR188;UNIDAD;;199;188;TEE 4X4;SI;;
SAAR189;UNIDAD;;200;189;YEE 2X2;SI;;
SAAR190;UNIDAD;;201;190;YEE 4X4;SI;;
SAAR191;UNIDAD;;202;191;YEE 4X2;SI;;
SAAR192;UNIDAD;;203;192;REDUCCION DE 4X2;SI;;
SAAR193;UNIDAD;;204;193;REDUCCION DE 3X2;SI;;
SAAR194;UNIDAD;;205;194;REDUCCION DE 4X3;SI;;
SAAR195;UNIDAD;;206;195;"TAPON DE 2""";SI;;
SAAR196;UNIDAD;;207;196;"TAPON DE 4""";SI;;
SAAR197;UNIDAD;;208;197;"TAPON DE 3""";SI;;
SAAR198;UNIDAD;;209;198;REDUCCION DE 2X1 1/4;SI;;
SAAR199;UNIDAD;;210;199;REDUCCION DE 2X1 1/2;SI;;
SAAR200;UNIDAD;;211;200;"UNION DE 2""";SI;;
SAAR201;UNIDAD;;212;201;"UNION DE 4""";SI;;
SAAR202;UNIDAD;;213;202;"SUMIDERO DE 2"" CROMADO";SI;;
SAAR203;UNIDAD;;214;203;"SUMIDERO DE 2"" BRONCE";SI;;
SAAR204;UNIDAD;;215;204;"REGISTRO DE 4"" CROMADO";SI;;
SAAR205;UNIDAD;;216;205;"REGISTRO DE 4"" BRONCE";SI;;
SAAR206;UNIDAD;;217;206;"TRAMPA CAMPANA DE 2"" CROMADO";SI;;
SAAR207;UNIDAD;;218;207;"TRAMPA CAMPANA DE 2"" BRONCE";SI;;
SAAR208;UNIDAD;;219;208;"TAPON REJILLA DE 2"" BRONCE (LABATORIO)";SI;;
SAAR209;UNIDAD;;220;209;"TAPON REJILLA DE 2"" CROMADO (LABATORIO)";SI;;
SAAR210;UNIDAD;;221;210;"TAPON REJILLA DE 2"" CROMADO CON GEBE";SI;;
SAAR211;UNIDAD;;222;211;TRAMPA BOTELLA;SI;;
SAAR212;UNIDAD;;223;212;ACCESORIOS PARA TANQUE BAJO 7/8 SANI;SI;;
SAAR213;UNIDAD;;224;213;ACCESORIOS PARA TANQUE BAJO 5/8;SI;;
SAAR214;UNIDAD;;225;214;TRAMPA METUSA;SI;;
SAAR215;UNIDAD;;226;215;PEGAMENTO DE 1/64;SI;;
SAAR216;UNIDAD;;227;216;PEGAMENTO DE 1/32;SI;;
SAAR217;UNIDAD;;228;217;PEGAMENTO DE 1/8;SI;;
SAAR218;UNIDAD;;229;218;PEGAMENTO DE 1/4;SI;;
SAAR219;UNIDAD;;230;219;PEGAMENTO DE 1/32 OATEY DORADO;SI;;
SAAR220;UNIDAD;;231;220;PEGAMENTO DE 1/32 OATEY AZUL;SI;;
SAAR221;UNIDAD;;232;221;"PEGAMENTO DE 1"" Y 1/4 OATEY DORADO";SI;;
SAAR222;UNIDAD;;233;222;"PEGAMENTO DE 1"" Y 1/4 OATEY  AZUL";SI;;
SAAR223;UNIDAD;;234;223;PEGAMENTO ADEX;SI;;
SAAR224;UNIDAD;;235;224;PEGAMENTO ADEX EN CHISGUETE;SI;;
SAAR225;UNIDAD;;236;225;PEGAMENTO SELLA ROSCA H3;SI;;
SAAR226;UNIDAD;;237;226;PEGAMENTO TEROCAL EN CHISGUETE;SI;;
SAAR227;UNIDAD;;238;227;ANILLO DE CERA SIN GUIA;SI;;
SAAR228;UNIDAD;;239;228;ANILLO DE CERA CON GUIA;SI;;
SAAR229;UNIDAD;;240;229;PERNOS DE ANCLAJE PARA BAÑO;SI;;
SAAR230;UNIDAD;;241;230;UÑAS PARA LABATORIO;SI;;
SAAR231;UNIDAD;;242;231;CHICOTE DE ABASTO 1/2 X 1/2 METAL;SI;;
SAAR232;UNIDAD;;243;232;CHICOTE DE ABASTO 1/2 X 7/8 METAL;SI;;
SAAR233;UNIDAD;;244;233;CHICOTE DE ABASTO DE 1/2 X 1/2 PVC;SI;;
SAAR234;UNIDAD;;245;234;CHICOTE DE ABASTO DE 1/2 X 7/8 PVC;SI;;
SAAR235;UNIDAD;;246;235;GUANTES DE CUERO;SI;;
SAAR236;UNIDAD;;247;236;GUANTES DE GEBE CON TELA;SI;;
SAAR237;UNIDAD;;248;237;GUANTES PLOMOS ;SI;;
SAAR238;UNIDAD;;249;238;GUANTES PARA LAVAR ;SI;;
SAAR239;UNIDAD;;250;239;DESARMADOR MIXTO ;SI;;
SAAR240;UNIDAD;;251;240;DESARMADOR ECONOMICO ;SI;;
SAAR241;UNIDAD;;252;241;DESARMADOR UYUSTOOLS;SI;;
SAAR242;UNIDAD;;253;242;"BROCHA DE 4"" C&A";SI;;
SAAR243;UNIDAD;;254;243;"BROCHA DE 3"" C&A";SI;;
SAAR244;UNIDAD;;255;244;"BROCHA DE 1"" C&A";SI;;
SAAR245;UNIDAD;;256;245;LIJAR PARA FIERRO NUMERO 40;SI;;
SAAR246;UNIDAD;;257;246;LIJAR PARA FIERRO NUMERO 60;SI;;
SAAR247;UNIDAD;;258;247;LIJAR PARA FIERRO NUMERO 80;SI;;
SAAR248;UNIDAD;;259;248;LIJAR PARA FIERRO NUMERO 100;SI;;
SAAR249;UNIDAD;;260;249;LIJAR PARA FIERRO NUMERO 150;SI;;
SAAR250;UNIDAD;;261;250;LIJAR PARA FIERRO NUMERO 120;SI;;
SAAR251;UNIDAD;;262;251;LIJAR PARA FIERRO NUMERO 180;SI;;
SAAR252;UNIDAD;;263;252;LIJAR AL AGUA NUMERO 600;SI;;
SAAR253;UNIDAD;;264;253;LIJAR AL AGUA NUMERO 320;SI;;
SAAR254;UNIDAD;;265;254;LIJAR PARA MADERA 180;SI;;
SAAR255;UNIDAD;;266;255;"CLAVOS DE 2""";SI;;
SAAR256;UNIDAD;;267;256;CLAVOS DE 2 1/2;SI;;
SAAR257;UNIDAD;;268;257;"CLAVOS DE 3""";SI;;
SAAR258;UNIDAD;;269;258;"CLAVOS DE 4""";SI;;
SAAR259;UNIDAD;;270;259;TARUGOS COLOR ROJO;SI;;
SAAR260;UNIDAD;;271;260;TARUGOS COLOR VERDE;SI;;
SAAR261;UNIDAD;;272;261;TARUGOS COLOR AZUL;SI;;
SAAR262;UNIDAD;;273;262;TARUGOS COLOR ANARANJADO;SI;;
SAAR263;UNIDAD;;274;263;TARUGOS COLOR PLOMO;SI;;
SAAR264;UNIDAD;;275;264;CINTA MASKINTAPE DE 1/2 X 40yds;;;
SAAR265;UNIDAD;;276;265;CINTA MASKINTAPE DE 3/4 X 40yds;;;
SAAR266;UNIDAD;;277;266;"CINTA MASKINTAPE DE 1""  X 40yds";;;
SAAR267;UNIDAD;;278;267;"CINTA MASKINTAPE DE 1 1/2"" X 40yds";;;
SAAR268;UNIDAD;;279;268;"CINTA MASKINTAPE DE 2"" X 40yds";;;
SAAR269;UNIDAD;;280;269;SILICONA TRANSPARENTE EN TUBO KNAUFF;;;
SAAR270;UNIDAD;;281;270;SILICONA GRIS EN TUBO KNAUFF;;;
SAAR271;UNIDAD;;282;271;SILICONA BLANCO TUBO KNAUFF;;;
SAAR272;UNIDAD;;283;272;SILICONA NEGRO TUBO KNAUFF;;;
SAAR273;UNIDAD;;284;273;SILICONA TRANSPARENTE EN TUBO SIKA;;;
SAAR274;UNIDAD;;285;274;SELLADOR SIKAFLEX EN TUBO ;;;
SAAR275;UNIDAD;;286;275;SIKAFLEX EN SALCHICHA BLANCO;;;
SAAR276;UNIDAD;;287;276;SIKAFLEX EN SALCHICHA GRIS;;;
SAAR277;UNIDAD;;288;277;SILICONA MEGA GREY PARA CARROS;;;
SAAR278;UNIDAD;;289;278;SILICONA MULTIUSO EN CHISGUETE KNAUFF;;;
SAAR279;UNIDAD;;290;279;PEGAMENTO AFRICANO DE 1/4;;;
SAAR280;UNIDAD;;291;280;PEGAMENTO AFRICANO  MEDIANO;;;
SAAR281;UNIDAD;;292;281;PEGAMENTO AFRICANO MINI;;;
SAAR282;UNIDAD;;293;282;CAJA PARA MEDIDOR DE METAL ;;;
SAAR283;UNIDAD;;294;283;ADAPTADOR PARA TRES ENTRADAS ;;;
SAAR284;UNIDAD;;295;284;ENCHUFE MULTIPLE;;;
SAAR285;UNIDAD;;296;285;ENCHUFE NEGRO ECONOMICO;;;
SAAR286;UNIDAD;;297;286;ENCHUFES DE COLORES ALTA CALIDAD;;;
SAAR287;UNIDAD;;298;287;SOQUETE COLGANTE PARA FOCO ;;;
SAAR288;UNIDAD;;299;288;HOJAS DE SIERRA ACEROS AREQUIPA;;;
SAAR289;UNIDAD;;300;289;HOJAS DE SIERRA ACEROS SANFLEX;;;
SAAR290;UNIDAD;;301;290;ACEITE PARA MAQUINA 30 ml;;;
SAAR291;UNIDAD;;302;291;ACEITE PARA MAQUINA 90 ml;;;
SAAR292;UNIDAD;;303;292;TOMA TRIPLE PARA EXTENSION-MADERA;;;
SAAR293;UNIDAD;;304;293;TOMA QUINTUPLE PARA EXTENSION - MADERA ;;;
SAAR294;UNIDAD;;305;294;TAPON PARA ODIDOS 3M;;;
SAAR295;UNIDAD;;306;295;TAPON PARA OIDOS EN CAJA ;;;
SAAR296;UNIDAD;;307;296;MANGUERA PARA LAVADORA BLANCA X 3mts;;;
SAAR297;UNIDAD;;308;297;MANGUERA  DE DRENAJE PARA LAVADORA  X 3mts;;;
SAAR298;UNIDAD;;309;298;GRAPAS PARA CABLE UYUSTOOLS 10 milimetros;;;
SAAR299;UNIDAD;;310;299;BOLSA DE GRAPAS PARA CABLE UYUSTOOLS 10 milimetros;;;
SAAR300;UNIDAD;;311;300;GRAPAS PARA CABLE UYUSTOOLS 8 milimetros;;;
SAAR301;UNIDAD;;312;301;BOLSA DE GRAPAS PARA CABLE UYUSTOOLS 8 milimetros;;;
SAAR302;UNIDAD;;313;302;CARBONES PARA AMOLADORA ;;;
SAAR303;UNIDAD;;314;303;PARCHES PARA LLANTA;;;
SAAR304;UNIDAD;;315;304;REPUESTOS PARA CUTER;;;
SAAR305;UNIDAD;;316;305;AGUJAS PARA PELOTA;;;
SAAR306;UNIDAD;;317;306;TENSOR MULTIUSOS OJO X OJO;;;
SAAR307;UNIDAD;;318;307;ROLLO DE NAILON NUMERO 0.70;;;
SAAR308;UNIDAD;;319;308;CINTA DE EMBALAJE;;;
SAAR309;UNIDAD;;320;309;CAÑOS GANSO PARA COCINA  S&A;;;
SAAR310;UNIDAD;;321;310;CAÑOS PARA COCINA ECONOMICOS;;;
SAAR311;UNIDAD;;322;311;CAÑOS PARA COCINA TOSICAC;;;
SAAR312;UNIDAD;;323;312;CAÑOS PARA LAVATORIO DE BAÑO ;;;
SAAR313;UNIDAD;;324;313;DUCHAS LORENZETI ELECTRICA;;;
SAAR314;UNIDAD;;325;314;DUCHAS MANUAL TIPO TELEFONO;;;
SAAR315;UNIDAD;;326;315;DUCHAS IVALSA ;;;
SAAR316;UNIDAD;;327;316;DUCHAS TOSISAC NORMALES;;;
SAAR317;UNIDAD;;328;317;DUCHAS TOSISAC GRANDES;;;
SAAR318;UNIDAD;;329;318;DUCHAS DE PLASTICO ECONOMICAS;;;
SAAR319;UNIDAD;;330;319;LLAVES PARA URINARIO ;;;
SAAR320;UNIDAD;;331;320;TAPAS OCTAGONALES DE LUZ ;;;
SAAR321;UNIDAD;;332;321;TAPAS RECTANGULARES DE LUZ;;;
SAAR322;UNIDAD;;333;322;REPUESTO DE VALVULA PARA SALIDA DE INODORO;;;
SAAR323;UNIDAD;;334;323;CAÑO PARA JARDIN DE PLASTICO TOSISAC;;;
SAAR324;UNIDAD;;335;324;LLAVES PARA URINARIO ;;;
SAAR325;UNIDAD;;336;325;LLAVES DE PASO FV CROMADA;;;
SAAR326;UNIDAD;;337;326;LLAVES DE DUCHA DE 1/2 CROMADO;;;
SAAR327;UNIDAD;;338;327;CAÑOS FV ;;;
SAAR328;UNIDAD;;339;328;CAÑO C&A MANGO ROJO;;;
SAAR329;UNIDAD;;340;329;CAÑO C&A COLOR BRONCE;;;
SAAR330;UNIDAD;;341;330;LLAVE DE PASO BALMAX;;;
SAAR331;UNIDAD;;342;331;"ESCOBILLA CON COPA UYUSTOOLS DE 4""";;;
SAAR332;UNIDAD;;343;332;"ESCOBILLA CON COPA SIN MARCA DE 3""";;;
SAAR333;UNIDAD;;344;333;"ESCOBILLA CON COPA ADRIANO DE 4""";;;
SAAR334;UNIDAD;;345;334;"CANASTILLA PVC DE 4"" PARA DESAGUE";;;
SAAR335;UNIDAD;;346;335;CHAPAS LUREVI;;;
SAAR336;UNIDAD;;347;336;CODOS DE 3/4;;;
SAAR337;UNIDAD;;348;337;"CODOS DE 1""";;;
SAAR338;UNIDAD;;349;338;TEE DE 3/4;;;
SAAR339;UNIDAD;;350;339;"TEE DE 1""";;;
SAAR340;UNIDAD;;351;340;PINTURA EN SPRAY AZUL OSCURO;;;2
SAAR341;UNIDAD;;352;341;PINTURA EN SPRAY AZUL MARINO;;;0
SAAR342;UNIDAD;;353;342;PINTURA EN SPRAY VERDE;;;2
SAAR343;UNIDAD;;354;343;PINTURA EN SPRAY ROJO;;;3
SAAR344;UNIDAD;;355;344;PINTURA EN SPRAY BLANCO BRILLANTE;;;2
SAAR345;UNIDAD;;356;345;PINTURA EN SPRAY BLANCO MATE;;;5
SAAR346;UNIDAD;;357;346;PINTURA EN SPRAY NEGRO BRILLANTE;;;6
SAAR347;UNIDAD;;358;347;PINTURA EN SPRAY DORADO ;;;3
SAAR348;UNIDAD;;359;348;PINTURA EN SPRAY ALUMINIO ;;;3
SAAR349;UNIDAD;;360;349;PINTURA EN SPRAY NARANJA ;;;2
SAAR350;UNIDAD;;361;350;PINTURA EN SPRAY TRANSPARENTE;;;2
SAAR351;UNIDAD;;362;351;PINTURA EN SPRAY CELESTE;;;3
SAAR352;UNIDAD;;363;352;PINTURA EN SPRAY  MEDIUM GREY;;;0
SAAR353;UNIDAD;;364;353;PINTURA EN SPRAY  SILVER;;;0
SAAR354;UNIDAD;;365;354;PINTURA EN SPRAY  ANTICORROSIVO;;;2
SAAR355;UNIDAD;;366;355;PINTURA EN SPRAY  CATERPILLER;;;1
SAAR356;UNIDAD;;367;356;PINTURA EN SPRAY  AMARILLO ;;;0
SAAR357;UNIDAD;;368;357;PINTURA EN SPRAY ROSADO ;;;0
SAAR358;UNIDAD;;369;358;PINTURA EN SPRAY CAFE ;;;4
SAAR359;UNIDAD;;370;359;PINTURA EN SPRAY MARRON ;;;3
SAAR360;UNIDAD;;371;360;REMOVEDOR DE SARRO ;;;
SAAR361;UNIDAD;;372;361;ACIDO MURIATICO;;;
SAAR362;UNIDAD;;373;362;KRESO;;;
SAAR363;UNIDAD;;374;363;CUTER DELGADO;;;
SAAR364;UNIDAD;;375;364;CUTER GRUESO ;;;
SAAR365;UNIDAD;;376;365;COLA SINTETICA DE 1KG PEGSA;;;
SAAR366;UNIDAD;;377;366;COLA SINTETICA DE 1KG TEKNO;;;3
SAAR367;UNIDAD;;378;367;PLOMADAS DE 1/2 KG;;;2
SAAR368;UNIDAD;;379;368;PLOMADAS DE 1 KG;;;4
SAAR369;UNIDAD;;380;369;TIZAS POR UNIDAD;;;0
SAAR370;UNIDAD;;381;370;TIZAS BLANCAS POR CAJA;;;4
SAAR371;UNIDAD;;382;371;TIZAS DE COLOR POR CAJA;;;2
SAAR372;UNIDAD;;383;372;TIZAS DE COLOR POR UNIDAD;;;0
SAAR373;UNIDAD;;384;373;VALVULA DE GAS PRMEIUM SOL GAS ;;;1
SAAR374;UNIDAD;;385;374;VALVULA DE GAS BAJO GASPER;;;0
SAAR375;UNIDAD;;386;375;VALVULA DE GAS PECHITO GAS;;;2
SAAR376;UNIDAD;;387;376;VALVULA DE GAS INDUSTRIAL;;;3
SAAR377;UNIDAD;;388;377;ESMALTE DE UN GALON COLOR NEGRO ;;;2
SAAR378;UNIDAD;;389;378;ESMALTE DE UN GALOR COLOR BLANCO;;;0
SAAR379;UNIDAD;;390;379;ESMALTE DE UN GALOR COLOR GRIS ;;;0
SAAR380;UNIDAD;;391;380;ESMALTE DE 1/8 BLANCO;;;3
SAAR381;UNIDAD;;392;381;ESMALTE DE 1/8 NEGRO ;;;1
SAAR382;UNIDAD;;393;382;ESMALTE DE 1/4 NEGRO ;;;2
SAAR383;UNIDAD;;394;383;ESMALTE DE 1/4 ALUMINIO;;;2
SAAR384;UNIDAD;;395;384;ESMALTE DE 1/4 BLANCO;;;3
SAAR385;UNIDAD;;396;385;ESMALTE DE 1/4 GRIS CLARO ;;;3
SAAR386;UNIDAD;;397;386;ESMALTE DE 1/4 VERDE ;;;0
SAAR387;UNIDAD;;398;387;ESMALTE DE 1/4 ROJO ;;;0
SAAR388;UNIDAD;;399;388;ESMALTE DE 1/4 AMARILLO ;;;0
SAAR389;UNIDAD;;400;389;ESMALTE DE GALON NEGRO ;;;2
SAAR390;UNIDAD;;401;390;ESMALTE DE GALON BLANCO ;;;0
SAAR391;UNIDAD;;402;391;ESMALTE DE GALON GRIS ;;;0
SAAR392;UNIDAD;;403;392;ANTICORROSIVO DE 1/4 GRIS;;;3
SAAR393;UNIDAD;;404;393;ANTICORROSIVO DE 1/4 NEGRO;;;0
SAAR394;UNIDAD;;405;394;ANTICORROSIVO DE 1/4 BLANCO;;;0
SAAR395;UNIDAD;;406;395;ANTICORROSIVO DE GALON BLANCO;;;0
SAAR396;UNIDAD;;407;396;ANTICORROSIVO DE GALON NEGRO;;;0
SAAR397;UNIDAD;;408;397;ANTICORROSIVO DE GALON GRIS;;;0
SAAR398;UNIDAD;;409;398;BASES SINCROMATO DE GALON ;;;0
SAAR399;UNIDAD;;410;399;BARNIZ DE UN GALON TRANSPARENTE ;;;1
SAAR400;UNIDAD;;411;400;BARNIZ DE  UN GALON COLOR CAOBA;;;0
SAAR401;UNIDAD;;412;401;BARNIZ DE UN GALO COLOR SEDRO ;;;0
SAAR402;UNIDAD;;413;402;BARNIZ DE UN GALO COLOR NOGAL;;;0
SAAR403;UNIDAD;;414;403;BARNIZ DE UN GALO COLOR ROBLE ;;;0
SAAR404;UNIDAD;;415;404;BARNIZ DE 1/4 CAOBA;;;
SAAR405;UNIDAD;;416;405;BARNIZ DE 1/4 CEDRO;;;
SAAR406;UNIDAD;;417;406;BARNIZ DE 1/4 NOGAL;;;
SAAR407;UNIDAD;;418;407;BARNIZ DE GALON NOGAL;;;
SAAR408;UNIDAD;;419;408;BARNIZ DE GALON CAOBA;;;
SAAR409;UNIDAD;;420;409;BARNIZ DE GALON CEDRO;;;
SAAR410;UNIDAD;;421;410;BARNIZ DE GALON TRANSPARENTE;;;
SAAR411;UNIDAD;;422;411;MARFIL EN BALDE FELINSA MARFIL CONGO;;;1
SAAR412;UNIDAD;;423;412;PINTURAS EN BALDE AMERICAN COLOR MARFIL;;;2
SAAR413;UNIDAD;;424;413;PINTURAS EN BALDE BARRIO COLOR FRESA;;;1
SAAR414;UNIDAD;;425;414;PINTURAS EN BALDE BARRIO COLOR ROSA;;;0
SAAR415;UNIDAD;;426;415;PINTURAS EN BALDE MARTEL COLOR BOUQUETE;;;1
SAAR416;UNIDAD;;427;416;PINTURAS EN BALDE MARTEL COLOR ACENTO AMARILLO CROMO;;;1
SAAR417;UNIDAD;;428;417;PINTURAS EN BALDE LOSARO COLOR ROSADO COLONIAL ;;;1
SAAR418;UNIDAD;;429;418;PINTURAS EN BALDE LOSARO COLOR MANATIAL;;;1
SAAR419;UNIDAD;;430;419;PINTURAS EN BALDE LOSARO COLOR BLANCO HUMO ;;;4
SAAR420;UNIDAD;;431;420;PINTURAS EN BALDE LOSARO COLOR AZUL ORIENTE;;;1
SAAR421;UNIDAD;;432;421;PINTURAS EN BALDE LOSARO COLOR TURQUESA;;;0
SAAR422;UNIDAD;;433;422;PINTURAS EN BALDE LOSARO COLOR MAIZ;;;1
SAAR423;UNIDAD;;434;423;PINTURAS EN BALDE LOSARO COLOR MELON ;;;1
SAAR424;UNIDAD;;435;424;PINTURAS EN BALDE LOSARO COLOR GAMUSA;;;0
SAAR425;UNIDAD;;436;425;PINTURAS EN BALDE FELINSA COLOR GRIS CLARO;;;0
SAAR426;UNIDAD;;437;426;PINTURAS EN BALDE FELINSA COLOR VERDE NILO;;;3
SAAR427;UNIDAD;;438;427;PINTURAS EN BALDE FELINSA COLOR BLANCO INVIERNO;;;2
SAAR428;UNIDAD;;439;428;PINTURAS EN BALDE FELINSA COLOR VERDE LIMA;;;1
SAAR429;UNIDAD;;440;429;PINTURAS EN BALDE FELINSA COLOR GRIS PLATA;;;0
SAAR430;UNIDAD;;441;430;PINTURAS EN BALDE FELINSA COLOR MANDARINA;;;1
SAAR431;UNIDAD;;442;431;PINTURAS EN BALDE FELINSA COLOR BLANCO OSTRA;;;2
SAAR432;UNIDAD;;443;432;PINTURAS EN BALDE CPP COLOR BLANCO;;;0
SAAR433;UNIDAD;;444;433;PINTURAS EN BALDE LOSARO CREMA;;;0
SAAR434;UNIDAD;;445;434;PINTURA EN BALDE LOSARO CERAMICO;;;1
SAAR435;UNIDAD;;446;435;PINTURA EN BALDE LOSARO COLOR FRAGANCIA;;;1
SAAR436;UNIDAD;;447;436;PINTURAS EN BALDE CPP COLOR BLANCO HUMO;;;1
SAAR437;UNIDAD;;448;437;SELLADOR EN BALDE FELINSA;;;0
SAAR438;UNIDAD;;449;438;IMPRIMANTE;;;1
SAAR439;UNIDAD;;450;439;LLANTA PARA CARRETILLA ARO COMPLETO TRUPER;;;1
SAAR440;UNIDAD;;451;440;LLANTA PARA CARRETILLA ARO COMPLETO  C Y A;;;1
SAAR441;UNIDAD;;452;441;LLANTA PARA CARRETILLA TRUPER ;;;1
SAAR442;UNIDAD;;453;442;CAMARA PARA LLANTA TRUPER;;;2
SAAR443;UNIDAD;;454;443;CERA DE LITRO ROJO;;;1
SAAR444;UNIDAD;;455;444;CERA DE LITRO NEGRO;;;0
SAAR445;UNIDAD;;456;445;CERA DE LITRO VERDE;;;2
SAAR446;UNIDAD;;457;446;CERA DE LITRO BLANCO;;;0
SAAR447;UNIDAD;;458;447;CERA DE GALON ROJO;;;7
SAAR448;UNIDAD;;459;448;CERA DE GALON NEGRO;;;0
SAAR449;UNIDAD;;460;449;CERA DE GALON VERDE;;;2
SAAR450;UNIDAD;;461;450;CERA DE GALON BLANCO;;;1
SAAR451;UNIDAD;;462;451;THINNER DE GALON;;;5
SAAR452;UNIDAD;;463;452;THINNER DE 1 LITRO ;;;0
SAAR453;UNIDAD;;464;453;THINNER DE 1/2 LITRO ;;;0
SAAR454;UNIDAD;;465;454;BASE DE 5KG COLOR  BLANCO MARCA TEMPLE;;;5
SAAR455;UNIDAD;;466;455;BASE DE 5KG COLOR BLANCO MARCA SUR ;;;7
SAAR456;UNIDAD;;467;456;BASE DE 5KG COLOR  AZUL;;;3
SAAR457;UNIDAD;;468;457;BASE DE 5KG COLOR  VERDE;;;10
SAAR458;UNIDAD;;469;458;BASE DE 5KG COLOR  CERAMICO;;;2
SAAR459;UNIDAD;;470;459;BASE DE 5KG COLOR  CREMA;;;2
SAAR460;UNIDAD;;471;460;REMOVEDOR DE OXIDO 1Lt;;;2
SAAR461;UNIDAD;;472;461;LIMPIADOR MULTIUSO SCHUBERT;;;2
SAAR462;UNIDAD;;473;462;SOPLETE BAJO UYUSTOOLS;;;2
SAAR463;UNIDAD;;474;463;SILICONA PARA CUERO Y TABLEROS KNAUT;;;2
SAAR464;UNIDAD;;475;464;SILICONA TECNISUR DE 1Lt;;;2
SAAR465;UNIDAD;;476;465;SILICONA PARA CARRO DE 1Lt ;;;2
SAAR466;UNIDAD;;477;466;SILICONA TEK EN SPRAY;;;2
SAAR467;UNIDAD;;478;467;MASILLA BONFLEX ANYPSA;;;2
SAAR468;UNIDAD;;479;468;REMOVEDORE DE LLANTAS;;;2
SAAR469;UNIDAD;;480;469;LIMPIAVIDRIOS;;;2
SAAR470;UNIDAD;;481;470;ESPUMA DE POLIURETANO;;;2
SAAR471;UNIDAD;;482;471;ROLLOS DE FEEL;;;2
SAAR472;UNIDAD;;483;472;GUINCHAS DE LONA DE 30 METROS;;;2
SAAR473;UNIDAD;;484;473;ESPONJAS;;;2
SAAR474;UNIDAD;;485;474;MANGUERA DE RIEGO PLASTINICO 5/8 X 100 METROS;;;2
SAAR475;UNIDAD;;486;475;MANGUERA DE RIEGO PLASTINICO 3/4 X 100 METROS;;;2
SAAR476;UNIDAD;;487;476;PALOS DE ESCOBA DE MADERA;;;2
SAAR477;UNIDAD;;488;477;ESCOBA DE PAJA ;;;2
SAAR478;UNIDAD;;489;478;LAMPAS TRUPER;;;2
SAAR479;UNIDAD;;490;479;RASTRILLOS DE METAL;;;2
SAAR480;UNIDAD;;491;480;PICOS;;;2
SAAR481;UNIDAD;;492;481;BARRETAS ;;;2
SAAR482;UNIDAD;;493;482;ESCOBAZAS DAYR;;;2
SAAR483;UNIDAD;;494;483;DESATORADOR DE BAÑO ;;;2
SAAR484;UNIDAD;;495;484;"ESPATULA DE 2""";;;2
SAAR485;UNIDAD;;496;485;"ESPATULA DE 3""";;;2
SAAR486;UNIDAD;;497;486;"ESPATULA DE 4""";;;2
SAAR487;UNIDAD;;498;487;"ESPATULA DE 5""";;;2
